ID;GoederenVanWoninginboedels;Perioden;Wegingscoefficienten_1;Prijsindexcijfers_2
0;0;Januari   1991;100000;98.6
1;0;Februari  1991;100000;99.2
2;0;Maart     1991;100000;100.4
3;0;April     1991;100000;100.7
4;0;Mei       1991;100000;100.8
5;0;Juni      1991;100000;100.5
6;0;Juli      1991;100000;98.7
7;0;Augustus  1991;100000;99.2
8;0;September 1991;100000;101.0
9;0;Oktober   1991;100000;101.3
10;0;November  1991;100000;101.4
11;0;December  1991;100000;100.9
12;0;Jaar  1991;0;100.2
13;0;Januari   1992;100000;99.1
14;0;Februari  1992;100000;100.3
15;0;Maart     1992;100000;101.2
16;0;April     1992;100000;102.4
17;0;Mei       1992;100000;102.4
18;0;Juni      1992;100000;101.5
19;0;Juli      1992;100000;99.7
20;0;Augustus  1992;100000;100.4
21;0;September 1992;100000;102.3
22;0;Oktober   1992;100000;102.5
23;0;November  1992;100000;102.4
24;0;December  1992;100000;101.5
25;0;Jaar  1992;0;101.4
26;0;Januari   1993;100000;99.9
27;0;Februari  1993;100000;101.2
28;0;Maart     1993;100000;102.6
29;0;April     1993;100000;103.0
30;0;Mei       1993;100000;102.8
31;0;Juni      1993;100000;102.0
32;0;Juli      1993;100000;100.2
33;0;Augustus  1993;100000;101.6
34;0;September 1993;100000;103.5
35;0;Oktober   1993;100000;103.7
36;0;November  1993;100000;103.4
37;0;December  1993;100000;102.4
38;0;Jaar  1993;0;102.2
39;0;Januari   1994;100000;100.8
40;0;Februari  1994;100000;101.8
41;0;Maart     1994;100000;103.1
42;0;April     1994;100000;103.0
43;0;Mei       1994;100000;102.8
44;0;Juni      1994;100000;101.8
45;0;Juli      1994;100000;99.9
46;0;Augustus  1994;100000;100.7
47;0;September 1994;100000;102.8
48;0;Oktober   1994;100000;102.9
49;0;November  1994;100000;102.5
50;0;December  1994;100000;101.2
51;0;Jaar  1994;0;101.9
52;0;Januari   1995;100000;99.4
53;0;Februari  1995;100000;100.3
54;0;Maart     1995;100000;101.9
55;0;April     1995;100000;102.0
56;0;Mei       1995;100000;101.5
57;0;Juni      1995;100000;100.7
58;0;Juli      1995;100000;98.7
59;0;Augustus  1995;100000;99.6
60;0;September 1995;100000;101.7
61;0;Oktober   1995;100000;101.5
62;0;November  1995;100000;101.5
63;0;December  1995;100000;100.3
64;0;Jaar  1995;0;100.7
65;0;Januari   1996;100000;98.4
66;0;Februari  1996;100000;99.1
67;0;Maart     1996;100000;100.8
68;0;April     1996;100000;101.0
69;0;Mei       1996;100000;100.9
70;0;Juni      1996;100000;100.1
71;0;Juli      1996;100000;97.9
72;0;Augustus  1996;100000;98.3
73;0;September 1996;100000;100.8
74;0;Oktober   1996;100000;101.2
75;0;November  1996;100000;101.0
76;0;December  1996;100000;100.2
77;0;Jaar  1996;0;100.0
78;0;Januari   1997;100000;97.9
79;0;Februari  1997;100000;98.6
80;0;Maart     1997;100000;100.8
81;0;April     1997;100000;100.8
82;0;Mei       1997;100000;100.7
83;0;Juni      1997;100000;99.4
84;0;Juli      1997;100000;97.7
85;0;Augustus  1997;100000;98.3
86;0;September 1997;100000;100.9
87;0;Oktober   1997;100000;101.3
88;1;Januari   1991;38440;101.0
89;1;Februari  1991;38440;101.5
90;1;Maart     1991;38440;101.5
91;1;April     1991;38440;101.7
92;1;Mei       1991;38440;101.8
93;1;Juni      1991;38440;101.8
94;1;Juli      1991;38440;101.8
95;1;Augustus  1991;38440;101.9
96;1;September 1991;38440;101.9
97;1;Oktober   1991;38440;102.5
98;1;November  1991;38440;102.5
99;1;December  1991;38440;102.6
100;1;Jaar  1991;0;101.9
101;1;Januari   1992;38440;103.0
102;1;Februari  1992;38440;103.5
103;1;Maart     1992;38440;103.8
104;1;April     1992;38440;104.1
105;1;Mei       1992;38440;104.3
106;1;Juni      1992;38440;104.2
107;1;Juli      1992;38440;104.3
108;1;Augustus  1992;38440;104.3
109;1;September 1992;38440;104.3
110;1;Oktober   1992;38440;104.6
111;1;November  1992;38440;104.6
112;1;December  1992;38440;104.6
113;1;Jaar  1992;0;104.1
114;1;Januari   1993;38440;104.6
115;1;Februari  1993;38440;105.0
116;1;Maart     1993;38440;104.9
117;1;April     1993;38440;105.3
118;1;Mei       1993;38440;105.3
119;1;Juni      1993;38440;105.3
120;1;Juli      1993;38440;105.2
121;1;Augustus  1993;38440;105.3
122;1;September 1993;38440;105.4
123;1;Oktober   1993;38440;105.4
124;1;November  1993;38440;105.6
125;1;December  1993;38440;105.6
126;1;Jaar  1993;0;105.2
127;1;Januari   1994;38440;105.8
128;1;Februari  1994;38440;105.9
129;1;Maart     1994;38440;105.9
130;1;April     1994;38440;105.6
131;1;Mei       1994;38440;105.5
132;1;Juni      1994;38440;105.4
133;1;Juli      1994;38440;105.3
134;1;Augustus  1994;38440;105.2
135;1;September 1994;38440;105.3
136;1;Oktober   1994;38440;105.4
137;1;November  1994;38440;105.4
138;1;December  1994;38440;105.5
139;1;Jaar  1994;0;105.5
140;1;Januari   1995;38440;105.4
141;1;Februari  1995;38440;105.7
142;1;Maart     1995;38440;105.8
143;1;April     1995;38440;105.7
144;1;Mei       1995;38440;105.7
145;1;Juni      1995;38440;105.6
146;1;Juli      1995;38440;105.5
147;1;Augustus  1995;38440;105.5
148;1;September 1995;38440;105.4
149;1;Oktober   1995;38440;105.3
150;1;November  1995;38440;105.3
151;1;December  1995;38440;105.3
152;1;Jaar  1995;0;105.5
153;1;Januari   1996;38440;105.2
154;1;Februari  1996;38440;105.3
155;1;Maart     1996;38440;105.2
156;1;April     1996;38440;105.4
157;1;Mei       1996;38440;105.5
158;1;Juni      1996;38440;105.1
159;1;Juli      1996;38440;105.3
160;1;Augustus  1996;38440;105.4
161;1;September 1996;38440;105.5
162;1;Oktober   1996;38440;105.6
163;1;November  1996;38440;105.6
164;1;December  1996;38440;105.7
165;1;Jaar  1996;0;105.4
166;1;Januari   1997;38440;105.5
167;1;Februari  1997;38440;105.6
168;1;Maart     1997;38440;105.4
169;1;April     1997;38440;105.4
170;1;Mei       1997;38440;105.5
171;1;Juni      1997;38440;105.3
172;1;Juli      1997;38440;105.5
173;1;Augustus  1997;38440;105.6
174;1;September 1997;38440;105.5
175;1;Oktober   1997;38440;106.1
176;10;Januari   1991;20890;101.2
177;10;Februari  1991;20890;101.8
178;10;Maart     1991;20890;101.7
179;10;April     1991;20890;102.0
180;10;Mei       1991;20890;102.0
181;10;Juni      1991;20890;102.0
182;10;Juli      1991;20890;101.9
183;10;Augustus  1991;20890;101.9
184;10;September 1991;20890;101.9
185;10;Oktober   1991;20890;102.9
186;10;November  1991;20890;102.9
187;10;December  1991;20890;102.9
188;10;Jaar  1991;0;102.1
189;10;Januari   1992;20890;103.2
190;10;Februari  1992;20890;104.0
191;10;Maart     1992;20890;104.3
192;10;April     1992;20890;104.8
193;10;Mei       1992;20890;104.8
194;10;Juni      1992;20890;104.8
195;10;Juli      1992;20890;104.8
196;10;Augustus  1992;20890;104.7
197;10;September 1992;20890;104.7
198;10;Oktober   1992;20890;105.0
199;10;November  1992;20890;105.0
200;10;December  1992;20890;105.0
201;10;Jaar  1992;0;104.6
202;10;Januari   1993;20890;104.9
203;10;Februari  1993;20890;105.3
204;10;Maart     1993;20890;105.0
205;10;April     1993;20890;105.7
206;10;Mei       1993;20890;105.6
207;10;Juni      1993;20890;105.6
208;10;Juli      1993;20890;105.2
209;10;Augustus  1993;20890;105.4
210;10;September 1993;20890;105.5
211;10;Oktober   1993;20890;105.5
212;10;November  1993;20890;105.5
213;10;December  1993;20890;105.5
214;10;Jaar  1993;0;105.4
215;10;Januari   1994;20890;105.8
216;10;Februari  1994;20890;105.8
217;10;Maart     1994;20890;105.8
218;10;April     1994;20890;105.4
219;10;Mei       1994;20890;105.4
220;10;Juni      1994;20890;105.4
221;10;Juli      1994;20890;105.2
222;10;Augustus  1994;20890;105.2
223;10;September 1994;20890;105.2
224;10;Oktober   1994;20890;105.4
225;10;November  1994;20890;105.4
226;10;December  1994;20890;105.4
227;10;Jaar  1994;0;105.5
228;10;Januari   1995;20890;105.3
229;10;Februari  1995;20890;105.7
230;10;Maart     1995;20890;105.7
231;10;April     1995;20890;105.5
232;10;Mei       1995;20890;105.5
233;10;Juni      1995;20890;105.5
234;10;Juli      1995;20890;105.2
235;10;Augustus  1995;20890;105.3
236;10;September 1995;20890;105.2
237;10;Oktober   1995;20890;104.9
238;10;November  1995;20890;104.9
239;10;December  1995;20890;104.9
240;10;Jaar  1995;0;105.3
241;10;Januari   1996;20890;105.0
242;10;Februari  1996;20890;105.3
243;10;Maart     1996;20890;105.3
244;10;April     1996;20890;105.6
245;10;Mei       1996;20890;105.6
246;10;Juni      1996;20890;105.5
247;10;Juli      1996;20890;105.9
248;10;Augustus  1996;20890;106.1
249;10;September 1996;20890;106.2
250;10;Oktober   1996;20890;106.3
251;10;November  1996;20890;106.2
252;10;December  1996;20890;106.2
253;10;Jaar  1996;0;105.8
254;10;Januari   1997;20890;106.0
255;10;Februari  1997;20890;106.0
256;10;Maart     1997;20890;106.0
257;10;April     1997;20890;106.1
258;10;Mei       1997;20890;106.0
259;10;Juni      1997;20890;106.0
260;10;Juli      1997;20890;106.4
261;10;Augustus  1997;20890;106.7
262;10;September 1997;20890;106.5
263;10;Oktober   1997;20890;107.3
264;12;Januari   1991;12850;101.0
265;12;Februari  1991;12850;101.4
266;12;Maart     1991;12850;101.7
267;12;April     1991;12850;101.9
268;12;Mei       1991;12850;102.0
269;12;Juni      1991;12850;102.1
270;12;Juli      1991;12850;102.1
271;12;Augustus  1991;12850;102.3
272;12;September 1991;12850;102.4
273;12;Oktober   1991;12850;102.6
274;12;November  1991;12850;102.7
275;12;December  1991;12850;102.8
276;12;Jaar  1991;0;102.1
277;12;Januari   1992;12850;103.2
278;12;Februari  1992;12850;103.4
279;12;Maart     1992;12850;103.8
280;12;April     1992;12850;103.9
281;12;Mei       1992;12850;104.2
282;12;Juni      1992;12850;104.2
283;12;Juli      1992;12850;104.1
284;12;Augustus  1992;12850;104.3
285;12;September 1992;12850;104.5
286;12;Oktober   1992;12850;104.8
287;12;November  1992;12850;104.8
288;12;December  1992;12850;104.9
289;12;Jaar  1992;0;104.2
290;12;Januari   1993;12850;105.0
291;12;Februari  1993;12850;105.3
292;12;Maart     1993;12850;105.3
293;12;April     1993;12850;105.4
294;12;Mei       1993;12850;105.4
295;12;Juni      1993;12850;105.5
296;12;Juli      1993;12850;105.6
297;12;Augustus  1993;12850;105.8
298;12;September 1993;12850;105.9
299;12;Oktober   1993;12850;106.0
300;12;November  1993;12850;106.2
301;12;December  1993;12850;106.3
302;12;Jaar  1993;0;105.6
303;12;Januari   1994;12850;106.4
304;12;Februari  1994;12850;106.6
305;12;Maart     1994;12850;106.6
306;12;April     1994;12850;106.4
307;12;Mei       1994;12850;106.2
308;12;Juni      1994;12850;106.1
309;12;Juli      1994;12850;105.9
310;12;Augustus  1994;12850;105.7
311;12;September 1994;12850;105.8
312;12;Oktober   1994;12850;105.8
313;12;November  1994;12850;105.8
314;12;December  1994;12850;106.1
315;12;Jaar  1994;0;106.1
316;12;Januari   1995;12850;106.4
317;12;Februari  1995;12850;106.5
318;12;Maart     1995;12850;106.7
319;12;April     1995;12850;106.8
320;12;Mei       1995;12850;106.9
321;12;Juni      1995;12850;106.8
322;12;Juli      1995;12850;106.7
323;12;Augustus  1995;12850;106.8
324;12;September 1995;12850;106.9
325;12;Oktober   1995;12850;107.0
326;12;November  1995;12850;106.8
327;12;December  1995;12850;106.8
328;12;Jaar  1995;0;106.8
329;12;Januari   1996;12850;106.6
330;12;Februari  1996;12850;106.4
331;12;Maart     1996;12850;106.4
332;12;April     1996;12850;106.4
333;12;Mei       1996;12850;106.5
334;12;Juni      1996;12850;106.1
335;12;Juli      1996;12850;106.1
336;12;Augustus  1996;12850;105.9
337;12;September 1996;12850;105.9
338;12;Oktober   1996;12850;106.1
339;12;November  1996;12850;106.2
340;12;December  1996;12850;106.3
341;12;Jaar  1996;0;106.2
342;12;Januari   1997;12850;106.4
343;12;Februari  1997;12850;106.6
344;12;Maart     1997;12850;105.9
345;12;April     1997;12850;105.9
346;12;Mei       1997;12850;106.0
347;12;Juni      1997;12850;105.9
348;12;Juli      1997;12850;105.9
349;12;Augustus  1997;12850;105.9
350;12;September 1997;12850;105.7
351;12;Oktober   1997;12850;106.2
352;14;Januari   1991;4700;100.3
353;14;Februari  1991;4700;100.3
354;14;Maart     1991;4700;99.7
355;14;April     1991;4700;99.7
356;14;Mei       1991;4700;100.5
357;14;Juni      1991;4700;100.5
358;14;Juli      1991;4700;100.3
359;14;Augustus  1991;4700;100.5
360;14;September 1991;4700;100.4
361;14;Oktober   1991;4700;100.4
362;14;November  1991;4700;100.6
363;14;December  1991;4700;100.5
364;14;Jaar  1991;0;100.3
365;14;Januari   1992;4700;101.6
366;14;Februari  1992;4700;101.8
367;14;Maart     1992;4700;101.7
368;14;April     1992;4700;101.6
369;14;Mei       1992;4700;102.1
370;14;Juni      1992;4700;101.8
371;14;Juli      1992;4700;102.2
372;14;Augustus  1992;4700;102.3
373;14;September 1992;4700;102.2
374;14;Oktober   1992;4700;102.2
375;14;November  1992;4700;102.5
376;14;December  1992;4700;102.5
377;14;Jaar  1992;0;102.0
378;14;Januari   1993;4700;102.4
379;14;Februari  1993;4700;103.1
380;14;Maart     1993;4700;103.2
381;14;April     1993;4700;103.2
382;14;Mei       1993;4700;103.7
383;14;Juni      1993;4700;103.8
384;14;Juli      1993;4700;103.6
385;14;Augustus  1993;4700;103.8
386;14;September 1993;4700;104.0
387;14;Oktober   1993;4700;104.0
388;14;November  1993;4700;104.1
389;14;December  1993;4700;104.2
390;14;Jaar  1993;0;103.6
391;14;Januari   1994;4700;103.9
392;14;Februari  1994;4700;103.9
393;14;Maart     1994;4700;103.9
394;14;April     1994;4700;103.9
395;14;Mei       1994;4700;104.0
396;14;Juni      1994;4700;103.9
397;14;Juli      1994;4700;103.9
398;14;Augustus  1994;4700;103.8
399;14;September 1994;4700;103.9
400;14;Oktober   1994;4700;103.9
401;14;November  1994;4700;104.0
402;14;December  1994;4700;104.0
403;14;Jaar  1994;0;103.9
404;14;Januari   1995;4700;103.3
405;14;Februari  1995;4700;103.3
406;14;Maart     1995;4700;103.4
407;14;April     1995;4700;103.4
408;14;Mei       1995;4700;103.5
409;14;Juni      1995;4700;103.1
410;14;Juli      1995;4700;103.0
411;14;Augustus  1995;4700;103.0
412;14;September 1995;4700;102.5
413;14;Oktober   1995;4700;102.5
414;14;November  1995;4700;102.6
415;14;December  1995;4700;102.5
416;14;Jaar  1995;0;103.0
417;14;Januari   1996;4700;102.1
418;14;Februari  1996;4700;102.1
419;14;Maart     1996;4700;101.7
420;14;April     1996;4700;101.7
421;14;Mei       1996;4700;102.1
422;14;Juni      1996;4700;100.7
423;14;Juli      1996;4700;100.7
424;14;Augustus  1996;4700;100.8
425;14;September 1996;4700;101.3
426;14;Oktober   1996;4700;101.3
427;14;November  1996;4700;101.3
428;14;December  1996;4700;101.7
429;14;Jaar  1996;0;101.5
430;14;Januari   1997;4700;101.3
431;14;Februari  1997;4700;101.3
432;14;Maart     1997;4700;101.3
433;14;April     1997;4700;101.3
434;14;Mei       1997;4700;101.7
435;14;Juni      1997;4700;100.7
436;14;Juli      1997;4700;100.4
437;14;Augustus  1997;4700;100.4
438;14;September 1997;4700;100.7
439;14;Oktober   1997;4700;100.7
440;2;Januari   1991;9990;101.5
441;2;Februari  1991;9990;101.6
442;2;Maart     1991;9990;102.1
443;2;April     1991;9990;102.2
444;2;Mei       1991;9990;103.2
445;2;Juni      1991;9990;103.4
446;2;Juli      1991;9990;102.9
447;2;Augustus  1991;9990;103.1
448;2;September 1991;9990;103.5
449;2;Oktober   1991;9990;103.7
450;2;November  1991;9990;104.0
451;2;December  1991;9990;104.1
452;2;Jaar  1991;0;102.9
453;2;Januari   1992;9990;104.1
454;2;Februari  1992;9990;104.3
455;2;Maart     1992;9990;104.6
456;2;April     1992;9990;104.9
457;2;Mei       1992;9990;106.0
458;2;Juni      1992;9990;105.8
459;2;Juli      1992;9990;106.0
460;2;Augustus  1992;9990;106.0
461;2;September 1992;9990;106.2
462;2;Oktober   1992;9990;106.2
463;2;November  1992;9990;106.6
464;2;December  1992;9990;106.6
465;2;Jaar  1992;0;105.6
466;2;Januari   1993;9990;106.8
467;2;Februari  1993;9990;106.7
468;2;Maart     1993;9990;106.9
469;2;April     1993;9990;107.1
470;2;Mei       1993;9990;107.0
471;2;Juni      1993;9990;106.7
472;2;Juli      1993;9990;106.8
473;2;Augustus  1993;9990;107.2
474;2;September 1993;9990;106.8
475;2;Oktober   1993;9990;106.6
476;2;November  1993;9990;107.1
477;2;December  1993;9990;107.0
478;2;Jaar  1993;0;106.9
479;2;Januari   1994;9990;106.5
480;2;Februari  1994;9990;106.5
481;2;Maart     1994;9990;106.8
482;2;April     1994;9990;106.2
483;2;Mei       1994;9990;106.9
484;2;Juni      1994;9990;106.7
485;2;Juli      1994;9990;106.5
486;2;Augustus  1994;9990;106.0
487;2;September 1994;9990;106.3
488;2;Oktober   1994;9990;105.9
489;2;November  1994;9990;105.9
490;2;December  1994;9990;105.7
491;2;Jaar  1994;0;106.3
492;2;Januari   1995;9990;105.7
493;2;Februari  1995;9990;106.0
494;2;Maart     1995;9990;106.1
495;2;April     1995;9990;106.1
496;2;Mei       1995;9990;106.2
497;2;Juni      1995;9990;106.0
498;2;Juli      1995;9990;105.5
499;2;Augustus  1995;9990;105.2
500;2;September 1995;9990;105.3
501;2;Oktober   1995;9990;105.3
502;2;November  1995;9990;105.3
503;2;December  1995;9990;105.2
504;2;Jaar  1995;0;105.7
505;2;Januari   1996;9990;105.3
506;2;Februari  1996;9990;105.1
507;2;Maart     1996;9990;105.2
508;2;April     1996;9990;105.0
509;2;Mei       1996;9990;105.1
510;2;Juni      1996;9990;104.4
511;2;Juli      1996;9990;104.4
512;2;Augustus  1996;9990;103.6
513;2;September 1996;9990;103.6
514;2;Oktober   1996;9990;103.5
515;2;November  1996;9990;103.5
516;2;December  1996;9990;103.2
517;2;Jaar  1996;0;104.3
518;2;Januari   1997;9990;103.1
519;2;Februari  1997;9990;103.1
520;2;Maart     1997;9990;103.3
521;2;April     1997;9990;103.3
522;2;Mei       1997;9990;103.4
523;2;Juni      1997;9990;102.9
524;2;Juli      1997;9990;102.6
525;2;Augustus  1997;9990;102.6
526;2;September 1997;9990;102.8
527;2;Oktober   1997;9990;102.7
528;20;Januari   1991;5470;100.8
529;20;Februari  1991;5470;100.8
530;20;Maart     1991;5470;100.9
531;20;April     1991;5470;101.4
532;20;Mei       1991;5470;101.6
533;20;Juni      1991;5470;101.7
534;20;Juli      1991;5470;101.8
535;20;Augustus  1991;5470;101.9
536;20;September 1991;5470;102.1
537;20;Oktober   1991;5470;102.1
538;20;November  1991;5470;102.2
539;20;December  1991;5470;102.2
540;20;Jaar  1991;0;101.6
541;20;Januari   1992;5470;102.2
542;20;Februari  1992;5470;102.2
543;20;Maart     1992;5470;102.3
544;20;April     1992;5470;102.7
545;20;Mei       1992;5470;102.7
546;20;Juni      1992;5470;102.8
547;20;Juli      1992;5470;102.9
548;20;Augustus  1992;5470;102.9
549;20;September 1992;5470;102.7
550;20;Oktober   1992;5470;102.8
551;20;November  1992;5470;102.7
552;20;December  1992;5470;103.2
553;20;Jaar  1992;0;102.7
554;20;Januari   1993;5470;103.3
555;20;Februari  1993;5470;103.2
556;20;Maart     1993;5470;103.2
557;20;April     1993;5470;103.3
558;20;Mei       1993;5470;103.1
559;20;Juni      1993;5470;102.9
560;20;Juli      1993;5470;102.8
561;20;Augustus  1993;5470;103.1
562;20;September 1993;5470;102.8
563;20;Oktober   1993;5470;102.5
564;20;November  1993;5470;102.0
565;20;December  1993;5470;101.5
566;20;Jaar  1993;0;102.8
567;20;Januari   1994;5470;100.6
568;20;Februari  1994;5470;100.4
569;20;Maart     1994;5470;100.3
570;20;April     1994;5470;100.0
571;20;Mei       1994;5470;99.9
572;20;Juni      1994;5470;100.3
573;20;Juli      1994;5470;100.1
574;20;Augustus  1994;5470;99.6
575;20;September 1994;5470;99.4
576;20;Oktober   1994;5470;99.1
577;20;November  1994;5470;99.0
578;20;December  1994;5470;98.5
579;20;Jaar  1994;0;99.8
580;20;Januari   1995;5470;98.3
581;20;Februari  1995;5470;98.3
582;20;Maart     1995;5470;98.6
583;20;April     1995;5470;98.4
584;20;Mei       1995;5470;98.2
585;20;Juni      1995;5470;98.1
586;20;Juli      1995;5470;97.9
587;20;Augustus  1995;5470;97.8
588;20;September 1995;5470;97.5
589;20;Oktober   1995;5470;97.4
590;20;November  1995;5470;97.3
591;20;December  1995;5470;97.0
592;20;Jaar  1995;0;97.9
593;20;Januari   1996;5470;96.4
594;20;Februari  1996;5470;96.5
595;20;Maart     1996;5470;96.4
596;20;April     1996;5470;96.2
597;20;Mei       1996;5470;96.0
598;20;Juni      1996;5470;95.4
599;20;Juli      1996;5470;95.3
600;20;Augustus  1996;5470;94.1
601;20;September 1996;5470;94.0
602;20;Oktober   1996;5470;94.0
603;20;November  1996;5470;93.5
604;20;December  1996;5470;93.4
605;20;Jaar  1996;0;95.1
606;20;Januari   1997;5470;92.8
607;20;Februari  1997;5470;92.8
608;20;Maart     1997;5470;92.9
609;20;April     1997;5470;92.8
610;20;Mei       1997;5470;92.7
611;20;Juni      1997;5470;92.1
612;20;Juli      1997;5470;92.0
613;20;Augustus  1997;5470;92.0
614;20;September 1997;5470;92.1
615;20;Oktober   1997;5470;92.0
616;23;Januari   1991;4520;102.4
617;23;Februari  1991;4520;102.5
618;23;Maart     1991;4520;103.5
619;23;April     1991;4520;103.3
620;23;Mei       1991;4520;105.1
621;23;Juni      1991;4520;105.5
622;23;Juli      1991;4520;104.2
623;23;Augustus  1991;4520;104.4
624;23;September 1991;4520;105.2
625;23;Oktober   1991;4520;105.7
626;23;November  1991;4520;106.2
627;23;December  1991;4520;106.5
628;23;Jaar  1991;0;104.5
629;23;Januari   1992;4520;106.4
630;23;Februari  1992;4520;106.8
631;23;Maart     1992;4520;107.5
632;23;April     1992;4520;107.6
633;23;Mei       1992;4520;110.0
634;23;Juni      1992;4520;109.4
635;23;Juli      1992;4520;109.7
636;23;Augustus  1992;4520;109.8
637;23;September 1992;4520;110.5
638;23;Oktober   1992;4520;110.3
639;23;November  1992;4520;111.2
640;23;December  1992;4520;110.6
641;23;Jaar  1992;0;109.2
642;23;Januari   1993;4054;110.9
643;23;Februari  1993;4520;111.0
644;23;Maart     1993;4520;111.4
645;23;April     1993;4520;111.6
646;23;Mei       1993;4520;111.7
647;23;Juni      1993;4520;111.3
648;23;Juli      1993;4520;111.6
649;23;Augustus  1993;4520;112.2
650;23;September 1993;4520;111.7
651;23;Oktober   1993;4520;111.5
652;23;November  1993;4520;113.3
653;23;December  1993;4520;113.7
654;23;Jaar  1993;0;111.8
655;23;Januari   1994;4520;113.6
656;23;Februari  1994;4520;113.8
657;23;Maart     1994;4520;114.6
658;23;April     1994;4520;113.6
659;23;Mei       1994;4520;115.4
660;23;Juni      1994;4520;114.6
661;23;Juli      1994;4520;114.2
662;23;Augustus  1994;4520;113.7
663;23;September 1994;4520;114.7
664;23;Oktober   1994;4520;114.1
665;23;November  1994;4520;114.2
666;23;December  1994;4520;114.3
667;23;Jaar  1994;0;114.2
668;23;Januari   1995;4520;114.6
669;23;Februari  1995;4520;115.3
670;23;Maart     1995;4520;115.3
671;23;April     1995;4520;115.5
672;23;Mei       1995;4520;115.8
673;23;Juni      1995;4520;115.7
674;23;Juli      1995;4520;114.7
675;23;Augustus  1995;4520;114.1
676;23;September 1995;4520;114.7
677;23;Oktober   1995;4520;114.8
678;23;November  1995;4520;115.1
679;23;December  1995;4520;115.2
680;23;Jaar  1995;0;115.1
681;23;Januari   1996;4520;116.0
682;23;Februari  1996;4520;115.5
683;23;Maart     1996;4520;115.7
684;23;April     1996;4520;115.7
685;23;Mei       1996;4520;116.1
686;23;Juni      1996;4520;115.3
687;23;Juli      1996;4520;115.5
688;23;Augustus  1996;4520;115.0
689;23;September 1996;4520;115.2
690;23;Oktober   1996;4520;115.0
691;23;November  1996;4520;115.6
692;23;December  1996;4520;115.2
693;23;Jaar  1996;0;115.5
694;23;Januari   1997;4520;115.7
695;23;Februari  1997;4520;115.5
696;23;Maart     1997;4520;115.9
697;23;April     1997;4520;115.9
698;23;Mei       1997;4520;116.4
699;23;Juni      1997;4520;115.8
700;23;Juli      1997;4520;115.3
701;23;Augustus  1997;4520;115.5
702;23;September 1997;4520;115.9
703;23;Oktober   1997;4520;115.7
704;3;Januari   1991;2630;101.6
705;3;Februari  1991;2630;102.1
706;3;Maart     1991;2630;102.2
707;3;April     1991;2630;102.8
708;3;Mei       1991;2630;103.1
709;3;Juni      1991;2630;103.2
710;3;Juli      1991;2630;103.4
711;3;Augustus  1991;2630;103.9
712;3;September 1991;2630;104.1
713;3;Oktober   1991;2630;104.4
714;3;November  1991;2630;104.6
715;3;December  1991;2630;104.8
716;3;Jaar  1991;0;103.3
717;3;Januari   1992;2630;106.3
718;3;Februari  1992;2630;106.5
719;3;Maart     1992;2630;106.7
720;3;April     1992;2630;108.3
721;3;Mei       1992;2630;108.4
722;3;Juni      1992;2630;108.3
723;3;Juli      1992;2630;108.6
724;3;Augustus  1992;2630;108.7
725;3;September 1992;2630;108.7
726;3;Oktober   1992;2630;108.7
727;3;November  1992;2630;108.7
728;3;December  1992;2630;108.7
729;3;Jaar  1992;0;108.1
730;3;Januari   1993;2630;109.3
731;3;Februari  1993;2630;109.5
732;3;Maart     1993;2630;109.5
733;3;April     1993;2630;110.0
734;3;Mei       1993;2630;110.0
735;3;Juni      1993;2630;109.9
736;3;Juli      1993;2630;110.0
737;3;Augustus  1993;2630;110.1
738;3;September 1993;2630;110.3
739;3;Oktober   1993;2630;110.4
740;3;November  1993;2630;110.4
741;3;December  1993;2630;110.2
742;3;Jaar  1993;0;110.0
743;3;Januari   1994;2630;110.2
744;3;Februari  1994;2630;110.2
745;3;Maart     1994;2630;110.2
746;3;April     1994;2630;110.2
747;3;Mei       1994;2630;110.3
748;3;Juni      1994;2630;110.3
749;3;Juli      1994;2630;110.5
750;3;Augustus  1994;2630;110.3
751;3;September 1994;2630;110.3
752;3;Oktober   1994;2630;110.6
753;3;November  1994;2630;110.8
754;3;December  1994;2630;110.5
755;3;Jaar  1994;0;110.4
756;3;Januari   1995;2630;110.2
757;3;Februari  1995;2630;110.4
758;3;Maart     1995;2630;110.4
759;3;April     1995;2630;110.9
760;3;Mei       1995;2630;110.7
761;3;Juni      1995;2630;110.6
762;3;Juli      1995;2630;110.8
763;3;Augustus  1995;2630;110.5
764;3;September 1995;2630;110.3
765;3;Oktober   1995;2630;110.4
766;3;November  1995;2630;110.3
767;3;December  1995;2630;110.3
768;3;Jaar  1995;0;110.5
769;3;Januari   1996;2630;110.1
770;3;Februari  1996;2630;110.3
771;3;Maart     1996;2630;110.1
772;3;April     1996;2630;110.6
773;3;Mei       1996;2630;110.6
774;3;Juni      1996;2630;110.0
775;3;Juli      1996;2630;109.8
776;3;Augustus  1996;2630;109.8
777;3;September 1996;2630;109.4
778;3;Oktober   1996;2630;109.8
779;3;November  1996;2630;109.8
780;3;December  1996;2630;109.9
781;3;Jaar  1996;0;110.0
782;3;Januari   1997;2630;110.2
783;3;Februari  1997;2630;110.8
784;3;Maart     1997;2630;110.7
785;3;April     1997;2630;110.8
786;3;Mei       1997;2630;110.7
787;3;Juni      1997;2630;110.9
788;3;Juli      1997;2630;111.0
789;3;Augustus  1997;2630;111.1
790;3;September 1997;2630;111.1
791;3;Oktober   1997;2630;111.2
792;30;Januari   1991;710;101.0
793;30;Februari  1991;710;101.3
794;30;Maart     1991;710;101.9
795;30;April     1991;710;102.7
796;30;Mei       1991;710;102.9
797;30;Juni      1991;710;102.8
798;30;Juli      1991;710;102.8
799;30;Augustus  1991;710;103.5
800;30;September 1991;710;104.0
801;30;Oktober   1991;710;104.6
802;30;November  1991;710;104.9
803;30;December  1991;710;105.2
804;30;Jaar  1991;0;103.1
805;30;Januari   1992;710;105.7
806;30;Februari  1992;710;106.0
807;30;Maart     1992;710;106.5
808;30;April     1992;710;106.8
809;30;Mei       1992;710;106.7
810;30;Juni      1992;710;106.4
811;30;Juli      1992;710;106.3
812;30;Augustus  1992;710;106.4
813;30;September 1992;710;106.0
814;30;Oktober   1992;710;106.1
815;30;November  1992;710;105.9
816;30;December  1992;710;106.0
817;30;Jaar  1992;0;106.2
818;30;Januari   1993;710;106.1
819;30;Februari  1993;710;106.5
820;30;Maart     1993;710;106.6
821;30;April     1993;710;106.8
822;30;Mei       1993;710;106.7
823;30;Juni      1993;710;106.4
824;30;Juli      1993;710;106.0
825;30;Augustus  1993;710;106.2
826;30;September 1993;710;106.8
827;30;Oktober   1993;710;107.1
828;30;November  1993;710;107.0
829;30;December  1993;710;106.9
830;30;Jaar  1993;0;106.6
831;30;Januari   1994;710;106.9
832;30;Februari  1994;710;106.7
833;30;Maart     1994;710;107.2
834;30;April     1994;710;107.8
835;30;Mei       1994;710;107.9
836;30;Juni      1994;710;108.0
837;30;Juli      1994;710;108.6
838;30;Augustus  1994;710;108.5
839;30;September 1994;710;108.5
840;30;Oktober   1994;710;108.8
841;30;November  1994;710;109.0
842;30;December  1994;710;108.5
843;30;Jaar  1994;0;108.0
844;30;Januari   1995;710;108.3
845;30;Februari  1995;710;108.6
846;30;Maart     1995;710;108.9
847;30;April     1995;710;109.2
848;30;Mei       1995;710;109.1
849;30;Juni      1995;710;109.0
850;30;Juli      1995;710;109.2
851;30;Augustus  1995;710;108.4
852;30;September 1995;710;107.8
853;30;Oktober   1995;710;107.8
854;30;November  1995;710;107.6
855;30;December  1995;710;107.9
856;30;Jaar  1995;0;108.5
857;30;Januari   1996;710;107.9
858;30;Februari  1996;710;108.6
859;30;Maart     1996;710;108.6
860;30;April     1996;710;109.8
861;30;Mei       1996;710;109.7
862;30;Juni      1996;710;108.8
863;30;Juli      1996;710;108.3
864;30;Augustus  1996;710;108.5
865;30;September 1996;710;107.2
866;30;Oktober   1996;710;107.4
867;30;November  1996;710;108.0
868;30;December  1996;710;108.2
869;30;Jaar  1996;0;108.4
870;30;Januari   1997;710;108.8
871;30;Februari  1997;710;110.2
872;30;Maart     1997;710;109.3
873;30;April     1997;710;109.1
874;30;Mei       1997;710;109.1
875;30;Juni      1997;710;109.8
876;30;Juli      1997;710;110.0
877;30;Augustus  1997;710;110.1
878;30;September 1997;710;109.7
879;30;Oktober   1997;710;109.9
880;32;Januari   1991;840;102.2
881;32;Februari  1991;840;102.6
882;32;Maart     1991;840;102.6
883;32;April     1991;840;102.6
884;32;Mei       1991;840;103.3
885;32;Juni      1991;840;104.0
886;32;Juli      1991;840;104.0
887;32;Augustus  1991;840;104.6
888;32;September 1991;840;104.8
889;32;Oktober   1991;840;104.8
890;32;November  1991;840;105.0
891;32;December  1991;840;105.3
892;32;Jaar  1991;0;103.8
893;32;Januari   1992;840;107.2
894;32;Februari  1992;840;107.5
895;32;Maart     1992;840;107.4
896;32;April     1992;840;107.4
897;32;Mei       1992;840;107.7
898;32;Juni      1992;840;107.7
899;32;Juli      1992;840;107.7
900;32;Augustus  1992;840;107.7
901;32;September 1992;840;107.7
902;32;Oktober   1992;840;107.8
903;32;November  1992;840;107.7
904;32;December  1992;840;107.7
905;32;Jaar  1992;0;107.6
906;32;Januari   1993;840;107.8
907;32;Februari  1993;840;108.0
908;32;Maart     1993;840;108.0
909;32;April     1993;840;108.0
910;32;Mei       1993;840;108.3
911;32;Juni      1993;840;108.3
912;32;Juli      1993;840;108.3
913;32;Augustus  1993;840;108.5
914;32;September 1993;840;108.5
915;32;Oktober   1993;840;108.5
916;32;November  1993;840;108.3
917;32;December  1993;840;108.0
918;32;Jaar  1993;0;108.2
919;32;Januari   1994;840;107.6
920;32;Februari  1994;840;107.8
921;32;Maart     1994;840;107.3
922;32;April     1994;840;107.3
923;32;Mei       1994;840;107.3
924;32;Juni      1994;840;107.1
925;32;Juli      1994;840;107.1
926;32;Augustus  1994;840;106.4
927;32;September 1994;840;106.4
928;32;Oktober   1994;840;106.4
929;32;November  1994;840;106.8
930;32;December  1994;840;106.3
931;32;Jaar  1994;0;107.0
932;32;Januari   1995;840;106.2
933;32;Februari  1995;840;106.4
934;32;Maart     1995;840;106.2
935;32;April     1995;840;106.2
936;32;Mei       1995;840;105.6
937;32;Juni      1995;840;105.6
938;32;Juli      1995;840;105.6
939;32;Augustus  1995;840;105.5
940;32;September 1995;840;105.5
941;32;Oktober   1995;840;105.5
942;32;November  1995;840;105.1
943;32;December  1995;840;105.1
944;32;Jaar  1995;0;105.7
945;32;Januari   1996;840;105.4
946;32;Februari  1996;840;105.6
947;32;Maart     1996;840;104.9
948;32;April     1996;840;104.9
949;32;Mei       1996;840;104.8
950;32;Juni      1996;840;103.5
951;32;Juli      1996;840;103.5
952;32;Augustus  1996;840;103.3
953;32;September 1996;840;103.3
954;32;Oktober   1996;840;103.3
955;32;November  1996;840;102.9
956;32;December  1996;840;102.9
957;32;Jaar  1996;0;104.0
958;32;Januari   1997;840;103.1
959;32;Februari  1997;840;103.7
960;32;Maart     1997;840;104.0
961;32;April     1997;840;104.0
962;32;Mei       1997;840;103.7
963;32;Juni      1997;840;103.2
964;32;Juli      1997;840;103.2
965;32;Augustus  1997;840;103.4
966;32;September 1997;840;103.7
967;32;Oktober   1997;840;103.7
968;34;Januari   1991;1080;101.5
969;34;Februari  1991;1080;102.1
970;34;Maart     1991;1080;102.1
971;34;April     1991;1080;102.9
972;34;Mei       1991;1080;102.9
973;34;Juni      1991;1080;103.0
974;34;Juli      1991;1080;103.4
975;34;Augustus  1991;1080;103.5
976;34;September 1991;1080;103.5
977;34;Oktober   1991;1080;104.0
978;34;November  1991;1080;104.0
979;34;December  1991;1080;104.1
980;34;Jaar  1991;0;103.1
981;34;Januari   1992;1080;105.9
982;34;Februari  1992;1080;106.0
983;34;Maart     1992;1080;106.2
984;34;April     1992;1080;110.1
985;34;Mei       1992;1080;110.1
986;34;Juni      1992;1080;110.1
987;34;Juli      1992;1080;110.9
988;34;Augustus  1992;1080;111.0
989;34;September 1992;1080;111.2
990;34;Oktober   1992;1080;111.2
991;34;November  1992;1080;111.3
992;34;December  1992;1080;111.3
993;34;Jaar  1992;0;109.6
994;34;Januari   1993;1080;112.5
995;34;Februari  1993;1080;112.7
996;34;Maart     1993;1080;112.6
997;34;April     1993;1080;113.6
998;34;Mei       1993;1080;113.6
999;34;Juni      1993;1080;113.5
1000;34;Juli      1993;1080;114.0
1001;34;Augustus  1993;1080;114.0
1002;34;September 1993;1080;114.0
1003;34;Oktober   1993;1080;114.1
1004;34;November  1993;1080;114.1
1005;34;December  1993;1080;114.1
1006;34;Jaar  1993;0;113.6
1007;34;Januari   1994;1080;114.3
1008;34;Februari  1994;1080;114.3
1009;34;Maart     1994;1080;114.3
1010;34;April     1994;1080;114.1
1011;34;Mei       1994;1080;114.3
1012;34;Juni      1994;1080;114.3
1013;34;Juli      1994;1080;114.5
1014;34;Augustus  1994;1080;114.5
1015;34;September 1994;1080;114.5
1016;34;Oktober   1994;1080;115.0
1017;34;November  1994;1080;115.0
1018;34;December  1994;1080;115.0
1019;34;Jaar  1994;0;114.5
1020;34;Januari   1995;1080;114.6
1021;34;Februari  1995;1080;114.7
1022;34;Maart     1995;1080;114.7
1023;34;April     1995;1080;115.6
1024;34;Mei       1995;1080;115.6
1025;34;Juni      1995;1080;115.6
1026;34;Juli      1995;1080;115.8
1027;34;Augustus  1995;1080;115.8
1028;34;September 1995;1080;115.8
1029;34;Oktober   1995;1080;116.0
1030;34;November  1995;1080;116.0
1031;34;December  1995;1080;116.0
1032;34;Jaar  1995;0;115.5
1033;34;Januari   1996;1080;115.2
1034;34;Februari  1996;1080;115.2
1035;34;Maart     1996;1080;115.2
1036;34;April     1996;1080;115.6
1037;34;Mei       1996;1080;115.7
1038;34;Juni      1996;1080;115.8
1039;34;Juli      1996;1080;115.7
1040;34;Augustus  1996;1080;115.7
1041;34;September 1996;1080;115.7
1042;34;Oktober   1996;1080;116.4
1043;34;November  1996;1080;116.4
1044;34;December  1996;1080;116.3
1045;34;Jaar  1996;0;115.7
1046;34;Januari   1997;1080;116.7
1047;34;Februari  1997;1080;116.8
1048;34;Maart     1997;1080;116.8
1049;34;April     1997;1080;117.3
1050;34;Mei       1997;1080;117.3
1051;34;Juni      1997;1080;117.7
1052;34;Juli      1997;1080;117.8
1053;34;Augustus  1997;1080;117.8
1054;34;September 1997;1080;117.8
1055;34;Oktober   1997;1080;117.8
1056;4;Januari   1991;18420;90.3
1057;4;Februari  1991;18420;92.8
1058;4;Maart     1991;18420;99.1
1059;4;April     1991;18420;100.1
1060;4;Mei       1991;18420;99.7
1061;4;Juni      1991;18420;98.0
1062;4;Juli      1991;18420;88.5
1063;4;Augustus  1991;18420;90.8
1064;4;September 1991;18420;100.5
1065;4;Oktober   1991;18420;100.9
1066;4;November  1991;18420;100.7
1067;4;December  1991;18420;98.3
1068;4;Jaar  1991;0;96.6
1069;4;Januari   1992;18420;87.3
1070;4;Februari  1992;18420;92.8
1071;4;Maart     1992;18420;100.8
1072;4;April     1992;18420;102.1
1073;4;Mei       1992;18420;101.0
1074;4;Juni      1992;18420;96.7
1075;4;Juli      1992;18420;87.0
1076;4;Augustus  1992;18420;90.8
1077;4;September 1992;18420;101.4
1078;4;Oktober   1992;18420;102.2
1079;4;November  1992;18420;101.4
1080;4;December  1992;18420;96.4
1081;4;Jaar  1992;0;96.7
1082;4;Januari   1993;18420;87.5
1083;4;Februari  1993;18420;93.5
1084;4;Maart     1993;18420;100.8
1085;4;April     1993;18420;102.2
1086;4;Mei       1993;18420;100.9
1087;4;Juni      1993;18420;96.9
1088;4;Juli      1993;18420;87.3
1089;4;Augustus  1993;18420;94.4
1090;4;September 1993;18420;104.3
1091;4;Oktober   1993;18420;105.3
1092;4;November  1993;18420;103.5
1093;4;December  1993;18420;98.4
1094;4;Jaar  1993;0;97.9
1095;4;Januari   1994;18420;89.4
1096;4;Februari  1994;18420;94.5
1097;4;Maart     1994;18420;101.4
1098;4;April     1994;18420;101.5
1099;4;Mei       1994;18420;100.1
1100;4;Juni      1994;18420;95.0
1101;4;Juli      1994;18420;84.9
1102;4;Augustus  1994;18420;90.1
1103;4;September 1994;18420;101.2
1104;4;Oktober   1994;18420;101.9
1105;4;November  1994;18420;100.0
1106;4;December  1994;18420;94.2
1107;4;Jaar  1994;0;96.2
1108;4;Januari   1995;18420;84.7
1109;4;Februari  1995;18420;89.6
1110;4;Maart     1995;18420;97.7
1111;4;April     1995;18420;98.4
1112;4;Mei       1995;18420;96.3
1113;4;Juni      1995;18420;92.9
1114;4;Juli      1995;18420;82.3
1115;4;Augustus  1995;18420;87.3
1116;4;September 1995;18420;99.3
1117;4;Oktober   1995;18420;98.6
1118;4;November  1995;18420;98.7
1119;4;December  1995;18420;93.3
1120;4;Jaar  1995;0;93.2
1121;4;Januari   1996;18420;83.9
1122;4;Februari  1996;18420;87.6
1123;4;Maart     1996;18420;97.1
1124;4;April     1996;18420;97.5
1125;4;Mei       1996;18420;96.7
1126;4;Juni      1996;18420;93.9
1127;4;Juli      1996;18420;82.1
1128;4;Augustus  1996;18420;85.1
1129;4;September 1996;18420;98.3
1130;4;Oktober   1996;18420;100.1
1131;4;November  1996;18420;99.0
1132;4;December  1996;18420;94.7
1133;4;Jaar  1996;0;93.0
1134;4;Januari   1997;18420;83.2
1135;4;Februari  1997;18420;86.6
1136;4;Maart     1997;18420;98.4
1137;4;April     1997;18420;98.4
1138;4;Mei       1997;18420;97.5
1139;4;Juni      1997;18420;91.3
1140;4;Juli      1997;18420;82.2
1141;4;Augustus  1997;18420;85.3
1142;4;September 1997;18420;98.9
1143;4;Oktober   1997;18420;100.1
1144;40;Januari   1991;16050;90.5
1145;40;Februari  1991;16050;92.9
1146;40;Maart     1991;16050;99.3
1147;40;April     1991;16050;100.0
1148;40;Mei       1991;16050;99.7
1149;40;Juni      1991;16050;97.7
1150;40;Juli      1991;16050;88.6
1151;40;Augustus  1991;16050;90.2
1152;40;September 1991;16050;100.1
1153;40;Oktober   1991;16050;100.4
1154;40;November  1991;16050;100.2
1155;40;December  1991;16050;98.0
1156;40;Jaar  1991;0;96.5
1157;40;Januari   1992;16050;87.6
1158;40;Februari  1992;16050;92.3
1159;40;Maart     1992;16050;100.7
1160;40;April     1992;16050;101.8
1161;40;Mei       1992;16050;100.6
1162;40;Juni      1992;16050;96.1
1163;40;Juli      1992;16050;87.1
1164;40;Augustus  1992;16050;90.4
1165;40;September 1992;16050;100.9
1166;40;Oktober   1992;16050;101.7
1167;40;November  1992;16050;100.8
1168;40;December  1992;16050;95.7
1169;40;Jaar  1992;0;96.3
1170;40;Januari   1993;16050;87.8
1171;40;Februari  1993;16050;93.5
1172;40;Maart     1993;16050;100.6
1173;40;April     1993;16050;101.7
1174;40;Mei       1993;16050;100.5
1175;40;Juni      1993;16050;96.1
1176;40;Juli      1993;16050;87.0
1177;40;Augustus  1993;16050;93.5
1178;40;September 1993;16050;103.8
1179;40;Oktober   1993;16050;104.9
1180;40;November  1993;16050;103.1
1181;40;December  1993;16050;97.6
1182;40;Jaar  1993;0;97.5
1183;40;Januari   1994;16050;89.5
1184;40;Februari  1994;16050;94.1
1185;40;Maart     1994;16050;101.0
1186;40;April     1994;16050;100.8
1187;40;Mei       1994;16050;99.4
1188;40;Juni      1994;16050;93.9
1189;40;Juli      1994;16050;84.5
1190;40;Augustus  1994;16050;89.7
1191;40;September 1994;16050;100.6
1192;40;Oktober   1994;16050;101.3
1193;40;November  1994;16050;99.1
1194;40;December  1994;16050;93.2
1195;40;Jaar  1994;0;95.6
1196;40;Januari   1995;16050;84.3
1197;40;Februari  1995;16050;88.7
1198;40;Maart     1995;16050;96.8
1199;40;April     1995;16050;97.3
1200;40;Mei       1995;16050;95.2
1201;40;Juni      1995;16050;91.5
1202;40;Juli      1995;16050;81.8
1203;40;Augustus  1995;16050;86.5
1204;40;September 1995;16050;98.6
1205;40;Oktober   1995;16050;97.7
1206;40;November  1995;16050;98.0
1207;40;December  1995;16050;92.5
1208;40;Jaar  1995;0;92.4
1209;40;Januari   1996;16050;83.3
1210;40;Februari  1996;16050;86.8
1211;40;Maart     1996;16050;96.8
1212;40;April     1996;16050;96.7
1213;40;Mei       1996;16050;96.0
1214;40;Juni      1996;16050;92.9
1215;40;Juli      1996;16050;81.1
1216;40;Augustus  1996;16050;83.7
1217;40;September 1996;16050;97.2
1218;40;Oktober   1996;16050;99.1
1219;40;November  1996;16050;97.9
1220;40;December  1996;16050;93.4
1221;40;Jaar  1996;0;92.1
1222;40;Januari   1997;16050;82.0
1223;40;Februari  1997;16050;85.7
1224;40;Maart     1997;16050;98.0
1225;40;April     1997;16050;97.4
1226;40;Mei       1997;16050;96.5
1227;40;Juni      1997;16050;90.0
1228;40;Juli      1997;16050;81.1
1229;40;Augustus  1997;16050;84.2
1230;40;September 1997;16050;97.7
1231;40;Oktober   1997;16050;98.8
1232;46;Januari   1991;2370;88.7
1233;46;Februari  1991;2370;92.0
1234;46;Maart     1991;2370;97.8
1235;46;April     1991;2370;100.9
1236;46;Mei       1991;2370;100.2
1237;46;Juni      1991;2370;99.9
1238;46;Juli      1991;2370;87.6
1239;46;Augustus  1991;2370;94.7
1240;46;September 1991;2370;103.4
1241;46;Oktober   1991;2370;104.1
1242;46;November  1991;2370;104.1
1243;46;December  1991;2370;100.5
1244;46;Jaar  1991;0;97.8
1245;46;Januari   1992;2370;85.6
1246;46;Februari  1992;2370;95.6
1247;46;Maart     1992;2370;101.3
1248;46;April     1992;2370;104.4
1249;46;Mei       1992;2370;103.5
1250;46;Juni      1992;2370;100.9
1251;46;Juli      1992;2370;86.8
1252;46;Augustus  1992;2370;93.2
1253;46;September 1992;2370;104.8
1254;46;Oktober   1992;2370;105.5
1255;46;November  1992;2370;105.2
1256;46;December  1992;2370;101.7
1257;46;Jaar  1992;0;99.0
1258;46;Januari   1993;2370;85.8
1259;46;Februari  1993;2370;93.8
1260;46;Maart     1993;2370;102.5
1261;46;April     1993;2370;105.1
1262;46;Mei       1993;2370;104.0
1263;46;Juni      1993;2370;102.4
1264;46;Juli      1993;2370;89.6
1265;46;Augustus  1993;2370;100.4
1266;46;September 1993;2370;107.5
1267;46;Oktober   1993;2370;107.7
1268;46;November  1993;2370;106.0
1269;46;December  1993;2370;103.4
1270;46;Jaar  1993;0;100.7
1271;46;Januari   1994;2370;88.5
1272;46;Februari  1994;2370;97.6
1273;46;Maart     1994;2370;104.4
1274;46;April     1994;2370;106.0
1275;46;Mei       1994;2370;104.8
1276;46;Juni      1994;2370;102.6
1277;46;Juli      1994;2370;88.0
1278;46;Augustus  1994;2370;92.6
1279;46;September 1994;2370;105.2
1280;46;Oktober   1994;2370;106.0
1281;46;November  1994;2370;105.6
1282;46;December  1994;2370;101.2
1283;46;Jaar  1994;0;100.2
1284;46;Januari   1995;2370;87.6
1285;46;Februari  1995;2370;95.4
1286;46;Maart     1995;2370;103.7
1287;46;April     1995;2370;105.4
1288;46;Mei       1995;2370;103.8
1289;46;Juni      1995;2370;102.0
1290;46;Juli      1995;2370;86.1
1291;46;Augustus  1995;2370;92.9
1292;46;September 1995;2370;103.6
1293;46;Oktober   1995;2370;104.9
1294;46;November  1995;2370;103.7
1295;46;December  1995;2370;98.2
1296;46;Jaar  1995;0;98.9
1297;46;Januari   1996;2370;87.9
1298;46;Februari  1996;2370;92.8
1299;46;Maart     1996;2370;99.1
1300;46;April     1996;2370;102.9
1301;46;Mei       1996;2370;101.4
1302;46;Juni      1996;2370;100.3
1303;46;Juli      1996;2370;89.2
1304;46;Augustus  1996;2370;94.7
1305;46;September 1996;2370;106.0
1306;46;Oktober   1996;2370;107.1
1307;46;November  1996;2370;106.8
1308;46;December  1996;2370;103.8
1309;46;Jaar  1996;0;99.3
1310;46;Januari   1997;2370;92.0
1311;46;Februari  1997;2370;93.2
1312;46;Maart     1997;2370;101.8
1313;46;April     1997;2370;104.7
1314;46;Mei       1997;2370;104.4
1315;46;Juni      1997;2370;100.1
1316;46;Juli      1997;2370;90.2
1317;46;Augustus  1997;2370;92.6
1318;46;September 1997;2370;107.3
1319;46;Oktober   1997;2370;109.2
1320;5;Januari   1991;29630;99.3
1321;5;Februari  1991;29630;99.3
1322;5;Maart     1991;29630;99.2
1323;5;April     1991;29630;99.1
1324;5;Mei       1991;29630;99.0
1325;5;Juni      1991;29630;99.1
1326;5;Juli      1991;29630;99.2
1327;5;Augustus  1991;29630;99.1
1328;5;September 1991;29630;99.2
1329;5;Oktober   1991;29630;99.0
1330;5;November  1991;29630;99.2
1331;5;December  1991;29630;99.0
1332;5;Jaar  1991;0;99.1
1333;5;Januari   1992;29630;98.9
1334;5;Februari  1992;29630;98.9
1335;5;Maart     1992;29630;99.2
1336;5;April     1992;29630;99.2
1337;5;Mei       1992;29630;99.1
1338;5;Juni      1992;29630;98.9
1339;5;Juli      1992;29630;98.5
1340;5;Augustus  1992;29630;98.6
1341;5;September 1992;29630;98.4
1342;5;Oktober   1992;29630;98.3
1343;5;November  1992;29630;98.2
1344;5;December  1992;29630;98.1
1345;5;Jaar  1992;0;98.7
1346;5;Januari   1993;29630;98.2
1347;5;Februari  1993;29630;98.2
1348;5;Maart     1993;29630;98.5
1349;5;April     1993;29630;98.6
1350;5;Mei       1993;29630;98.7
1351;5;Juni      1993;29630;98.5
1352;5;Juli      1993;29630;98.6
1353;5;Augustus  1993;29630;98.7
1354;5;September 1993;29630;98.9
1355;5;Oktober   1993;29630;98.9
1356;5;November  1993;29630;98.9
1357;5;December  1993;29630;98.7
1358;5;Jaar  1993;0;98.6
1359;5;Januari   1994;29630;98.7
1360;5;Februari  1994;29630;98.7
1361;5;Maart     1994;29630;98.9
1362;5;April     1994;29630;99.0
1363;5;Mei       1994;29630;99.0
1364;5;Juni      1994;29630;98.9
1365;5;Juli      1994;29630;98.9
1366;5;Augustus  1994;29630;98.8
1367;5;September 1994;29630;98.7
1368;5;Oktober   1994;29630;98.6
1369;5;November  1994;29630;98.5
1370;5;December  1994;29630;97.8
1371;5;Jaar  1994;0;98.7
1372;5;Januari   1995;29630;97.4
1373;5;Februari  1995;29630;97.2
1374;5;Maart     1995;29630;97.3
1375;5;April     1995;29630;97.2
1376;5;Mei       1995;29630;96.8
1377;5;Juni      1995;29630;96.5
1378;5;Juli      1995;29630;96.6
1379;5;Augustus  1995;29630;96.5
1380;5;September 1995;29630;96.3
1381;5;Oktober   1995;29630;96.2
1382;5;November  1995;29630;96.1
1383;5;December  1995;29630;95.5
1384;5;Jaar  1995;0;96.6
1385;5;Januari   1996;29630;95.2
1386;5;Februari  1996;29630;95.2
1387;5;Maart     1996;29630;95.1
1388;5;April     1996;29630;95.0
1389;5;Mei       1996;29630;95.1
1390;5;Juni      1996;29630;94.9
1391;5;Juli      1996;29630;94.5
1392;5;Augustus  1996;29630;94.4
1393;5;September 1996;29630;94.4
1394;5;Oktober   1996;29630;94.6
1395;5;November  1996;29630;94.6
1396;5;December  1996;29630;94.3
1397;5;Jaar  1996;0;94.8
1398;5;Januari   1997;29630;94.2
1399;5;Februari  1997;29630;94.2
1400;5;Maart     1997;29630;94.3
1401;5;April     1997;29630;94.5
1402;5;Mei       1997;29630;94.6
1403;5;Juni      1997;29630;94.2
1404;5;Juli      1997;29630;94.2
1405;5;Augustus  1997;29630;94.2
1406;5;September 1997;29630;94.3
1407;5;Oktober   1997;29630;94.4
1408;50;Januari   1991;7790;97.8
1409;50;Februari  1991;7790;97.8
1410;50;Maart     1991;7790;97.4
1411;50;April     1991;7790;97.3
1412;50;Mei       1991;7790;96.6
1413;50;Juni      1991;7790;96.9
1414;50;Juli      1991;7790;97.0
1415;50;Augustus  1991;7790;96.6
1416;50;September 1991;7790;96.0
1417;50;Oktober   1991;7790;95.5
1418;50;November  1991;7790;95.5
1419;50;December  1991;7790;95.0
1420;50;Jaar  1991;0;96.6
1421;50;Januari   1992;7790;93.5
1422;50;Februari  1992;7790;93.6
1423;50;Maart     1992;7790;93.6
1424;50;April     1992;7790;93.4
1425;50;Mei       1992;7790;93.4
1426;50;Juni      1992;7790;93.4
1427;50;Juli      1992;7790;92.9
1428;50;Augustus  1992;7790;92.4
1429;50;September 1992;7790;92.0
1430;50;Oktober   1992;7790;91.8
1431;50;November  1992;7790;91.7
1432;50;December  1992;7790;91.3
1433;50;Jaar  1992;0;92.8
1434;50;Januari   1993;7790;91.3
1435;50;Februari  1993;7790;91.4
1436;50;Maart     1993;7790;91.4
1437;50;April     1993;7790;91.5
1438;50;Mei       1993;7790;91.2
1439;50;Juni      1993;7790;90.4
1440;50;Juli      1993;7790;90.5
1441;50;Augustus  1993;7790;90.3
1442;50;September 1993;7790;89.9
1443;50;Oktober   1993;7790;89.9
1444;50;November  1993;7790;89.7
1445;50;December  1993;7790;89.0
1446;50;Jaar  1993;0;90.5
1447;50;Januari   1994;7790;88.4
1448;50;Februari  1994;7790;88.8
1449;50;Maart     1994;7790;88.4
1450;50;April     1994;7790;88.6
1451;50;Mei       1994;7790;88.6
1452;50;Juni      1994;7790;88.4
1453;50;Juli      1994;7790;88.2
1454;50;Augustus  1994;7790;88.0
1455;50;September 1994;7790;87.5
1456;50;Oktober   1994;7790;87.3
1457;50;November  1994;7790;87.3
1458;50;December  1994;7790;86.1
1459;50;Jaar  1994;0;88.0
1460;50;Januari   1995;7790;85.6
1461;50;Februari  1995;7790;84.7
1462;50;Maart     1995;7790;84.4
1463;50;April     1995;7790;84.0
1464;50;Mei       1995;7790;83.2
1465;50;Juni      1995;7790;82.2
1466;50;Juli      1995;7790;82.5
1467;50;Augustus  1995;7790;82.1
1468;50;September 1995;7790;81.3
1469;50;Oktober   1995;7790;81.4
1470;50;November  1995;7790;80.8
1471;50;December  1995;7790;79.1
1472;50;Jaar  1995;0;82.6
1473;50;Januari   1996;7790;79.1
1474;50;Februari  1996;7790;79.2
1475;50;Maart     1996;7790;78.7
1476;50;April     1996;7790;78.5
1477;50;Mei       1996;7790;77.7
1478;50;Juni      1996;7790;77.3
1479;50;Juli      1996;7790;77.0
1480;50;Augustus  1996;7790;76.7
1481;50;September 1996;7790;76.9
1482;50;Oktober   1996;7790;76.8
1483;50;November  1996;7790;76.6
1484;50;December  1996;7790;76.1
1485;50;Jaar  1996;0;77.6
1486;50;Januari   1997;7790;75.6
1487;50;Februari  1997;7790;75.5
1488;50;Maart     1997;7790;74.8
1489;50;April     1997;7790;75.3
1490;50;Mei       1997;7790;75.2
1491;50;Juni      1997;7790;74.6
1492;50;Juli      1997;7790;74.5
1493;50;Augustus  1997;7790;74.5
1494;50;September 1997;7790;74.1
1495;50;Oktober   1997;7790;74.4
1496;52;Januari   1991;3890;100.9
1497;52;Februari  1991;3890;100.9
1498;52;Maart     1991;3890;100.8
1499;52;April     1991;3890;100.8
1500;52;Mei       1991;3890;100.9
1501;52;Juni      1991;3890;100.6
1502;52;Juli      1991;3890;100.5
1503;52;Augustus  1991;3890;100.5
1504;52;September 1991;3890;101.4
1505;52;Oktober   1991;3890;101.6
1506;52;November  1991;3890;102.4
1507;52;December  1991;3890;102.0
1508;52;Jaar  1991;0;101.1
1509;52;Januari   1992;3890;102.7
1510;52;Februari  1992;3890;102.8
1511;52;Maart     1992;3890;103.4
1512;52;April     1992;3890;103.4
1513;52;Mei       1992;3890;103.3
1514;52;Juni      1992;3890;102.9
1515;52;Juli      1992;3890;103.1
1516;52;Augustus  1992;3890;103.1
1517;52;September 1992;3890;103.5
1518;52;Oktober   1992;3890;104.5
1519;52;November  1992;3890;104.7
1520;52;December  1992;3890;104.7
1521;52;Jaar  1992;0;103.5
1522;52;Januari   1993;3890;104.8
1523;52;Februari  1993;3890;104.8
1524;52;Maart     1993;3890;105.4
1525;52;April     1993;3890;105.5
1526;52;Mei       1993;3890;105.5
1527;52;Juni      1993;3890;105.5
1528;52;Juli      1993;3890;105.3
1529;52;Augustus  1993;3890;105.5
1530;52;September 1993;3890;106.9
1531;52;Oktober   1993;3890;106.9
1532;52;November  1993;3890;107.2
1533;52;December  1993;3890;107.3
1534;52;Jaar  1993;0;105.9
1535;52;Januari   1994;3890;108.2
1536;52;Februari  1994;3890;108.2
1537;52;Maart     1994;3890;107.7
1538;52;April     1994;3890;107.7
1539;52;Mei       1994;3890;107.6
1540;52;Juni      1994;3890;107.7
1541;52;Juli      1994;3890;107.6
1542;52;Augustus  1994;3890;107.5
1543;52;September 1994;3890;107.4
1544;52;Oktober   1994;3890;107.4
1545;52;November  1994;3890;107.6
1546;52;December  1994;3890;107.2
1547;52;Jaar  1994;0;107.6
1548;52;Januari   1995;3890;107.3
1549;52;Februari  1995;3890;107.4
1550;52;Maart     1995;3890;107.1
1551;52;April     1995;3890;107.1
1552;52;Mei       1995;3890;107.0
1553;52;Juni      1995;3890;106.4
1554;52;Juli      1995;3890;106.2
1555;52;Augustus  1995;3890;106.1
1556;52;September 1995;3890;106.1
1557;52;Oktober   1995;3890;106.1
1558;52;November  1995;3890;106.5
1559;52;December  1995;3890;105.8
1560;52;Jaar  1995;0;106.6
1561;52;Januari   1996;3890;105.5
1562;52;Februari  1996;3890;105.5
1563;52;Maart     1996;3890;105.4
1564;52;April     1996;3890;105.4
1565;52;Mei       1996;3890;105.4
1566;52;Juni      1996;3890;105.4
1567;52;Juli      1996;3890;105.6
1568;52;Augustus  1996;3890;105.7
1569;52;September 1996;3890;105.6
1570;52;Oktober   1996;3890;105.6
1571;52;November  1996;3890;105.9
1572;52;December  1996;3890;105.6
1573;52;Jaar  1996;0;105.5
1574;52;Januari   1997;3890;105.5
1575;52;Februari  1997;3890;105.5
1576;52;Maart     1997;3890;105.4
1577;52;April     1997;3890;105.4
1578;52;Mei       1997;3890;105.2
1579;52;Juni      1997;3890;104.3
1580;52;Juli      1997;3890;104.1
1581;52;Augustus  1997;3890;104.1
1582;52;September 1997;3890;104.4
1583;52;Oktober   1997;3890;104.4
1584;53;Januari   1991;13190;99.4
1585;53;Februari  1991;13190;99.4
1586;53;Maart     1991;13190;99.3
1587;53;April     1991;13190;99.1
1588;53;Mei       1991;13190;99.3
1589;53;Juni      1991;13190;99.3
1590;53;Juli      1991;13190;99.4
1591;53;Augustus  1991;13190;99.5
1592;53;September 1991;13190;99.8
1593;53;Oktober   1991;13190;99.7
1594;53;November  1991;13190;99.8
1595;53;December  1991;13190;99.8
1596;53;Jaar  1991;0;99.5
1597;53;Januari   1992;13190;99.7
1598;53;Februari  1992;13190;99.6
1599;53;Maart     1992;13190;99.7
1600;53;April     1992;13190;99.7
1601;53;Mei       1992;13190;99.6
1602;53;Juni      1992;13190;99.5
1603;53;Juli      1992;13190;98.9
1604;53;Augustus  1992;13190;99.4
1605;53;September 1992;13190;99.0
1606;53;Oktober   1992;13190;98.4
1607;53;November  1992;13190;98.4
1608;53;December  1992;13190;98.4
1609;53;Jaar  1992;0;99.2
1610;53;Januari   1993;13190;98.1
1611;53;Februari  1993;13190;98.1
1612;53;Maart     1993;13190;98.3
1613;53;April     1993;13190;98.4
1614;53;Mei       1993;13190;98.8
1615;53;Juni      1993;13190;98.8
1616;53;Juli      1993;13190;99.1
1617;53;Augustus  1993;13190;99.1
1618;53;September 1993;13190;99.6
1619;53;Oktober   1993;13190;99.4
1620;53;November  1993;13190;99.4
1621;53;December  1993;13190;99.4
1622;53;Jaar  1993;0;98.9
1623;53;Januari   1994;13190;99.5
1624;53;Februari  1994;13190;99.4
1625;53;Maart     1994;13190;99.4
1626;53;April     1994;13190;99.4
1627;53;Mei       1994;13190;99.6
1628;53;Juni      1994;13190;99.4
1629;53;Juli      1994;13190;99.5
1630;53;Augustus  1994;13190;99.6
1631;53;September 1994;13190;99.7
1632;53;Oktober   1994;13190;99.5
1633;53;November  1994;13190;99.3
1634;53;December  1994;13190;98.5
1635;53;Jaar  1994;0;99.4
1636;53;Januari   1995;13190;97.9
1637;53;Februari  1995;13190;98.0
1638;53;Maart     1995;13190;97.8
1639;53;April     1995;13190;97.7
1640;53;Mei       1995;13190;97.3
1641;53;Juni      1995;13190;97.3
1642;53;Juli      1995;13190;97.1
1643;53;Augustus  1995;13190;97.1
1644;53;September 1995;13190;97.3
1645;53;Oktober   1995;13190;97.0
1646;53;November  1995;13190;96.9
1647;53;December  1995;13190;96.7
1648;53;Jaar  1995;0;97.3
1649;53;Januari   1996;13190;96.3
1650;53;Februari  1996;13190;96.3
1651;53;Maart     1996;13190;96.3
1652;53;April     1996;13190;96.1
1653;53;Mei       1996;13190;96.2
1654;53;Juni      1996;13190;96.0
1655;53;Juli      1996;13190;95.2
1656;53;Augustus  1996;13190;95.1
1657;53;September 1996;13190;95.0
1658;53;Oktober   1996;13190;95.4
1659;53;November  1996;13190;95.4
1660;53;December  1996;13190;95.3
1661;53;Jaar  1996;0;95.7
1662;53;Januari   1997;13190;95.2
1663;53;Februari  1997;13190;95.3
1664;53;Maart     1997;13190;95.6
1665;53;April     1997;13190;95.6
1666;53;Mei       1997;13190;95.9
1667;53;Juni      1997;13190;95.8
1668;53;Juli      1997;13190;95.7
1669;53;Augustus  1997;13190;95.7
1670;53;September 1997;13190;96.2
1671;53;Oktober   1997;13190;96.2
1672;55;Januari   1991;4760;99.9
1673;55;Februari  1991;4760;100.0
1674;55;Maart     1991;4760;100.7
1675;55;April     1991;4760;100.7
1676;55;Mei       1991;4760;100.7
1677;55;Juni      1991;4760;100.9
1678;55;Juli      1991;4760;100.9
1679;55;Augustus  1991;4760;100.9
1680;55;September 1991;4760;101.0
1681;55;Oktober   1991;4760;100.9
1682;55;November  1991;4760;101.0
1683;55;December  1991;4760;100.9
1684;55;Jaar  1991;0;100.7
1685;55;Januari   1992;4760;102.6
1686;55;Februari  1992;4760;102.6
1687;55;Maart     1992;4760;103.5
1688;55;April     1992;4760;103.5
1689;55;Mei       1992;4760;103.5
1690;55;Juni      1992;4760;102.9
1691;55;Juli      1992;4760;102.9
1692;55;Augustus  1992;4760;103.0
1693;55;September 1992;4760;103.1
1694;55;Oktober   1992;4760;103.1
1695;55;November  1992;4760;103.2
1696;55;December  1992;4760;103.2
1697;55;Jaar  1992;0;103.1
1698;55;Januari   1993;4760;104.3
1699;55;Februari  1993;4760;104.3
1700;55;Maart     1993;4760;105.2
1701;55;April     1993;4760;105.2
1702;55;Mei       1993;4760;104.2
1703;55;Juni      1993;4760;105.3
1704;55;Juli      1993;4760;105.3
1705;55;Augustus  1993;4760;105.4
1706;55;September 1993;4760;105.3
1707;55;Oktober   1993;4760;105.7
1708;55;November  1993;4760;105.7
1709;55;December  1993;4760;105.7
1710;55;Jaar  1993;0;105.2
1711;55;Januari   1994;4760;105.7
1712;55;Februari  1994;4760;105.6
1713;55;Maart     1994;4760;107.5
1714;55;April     1994;4760;107.5
1715;55;Mei       1994;4760;107.5
1716;55;Juni      1994;4760;107.5
1717;55;Juli      1994;4760;107.4
1718;55;Augustus  1994;4760;107.3
1719;55;September 1994;4760;107.3
1720;55;Oktober   1994;4760;107.1
1721;55;November  1994;4760;107.1
1722;55;December  1994;4760;107.1
1723;55;Jaar  1994;0;107.1
1724;55;Januari   1995;4760;107.1
1725;55;Februari  1995;4760;107.2
1726;55;Maart     1995;4760;109.2
1727;55;April     1995;4760;109.2
1728;55;Mei       1995;4760;109.2
1729;55;Juni      1995;4760;109.2
1730;55;Juli      1995;4760;110.3
1731;55;Augustus  1995;4760;110.2
1732;55;September 1995;4760;110.2
1733;55;Oktober   1995;4760;110.4
1734;55;November  1995;4760;110.4
1735;55;December  1995;4760;110.4
1736;55;Jaar  1995;0;109.4
1737;55;Januari   1996;4760;110.3
1738;55;Februari  1996;4760;110.3
1739;55;Maart     1996;4760;110.3
1740;55;April     1996;4760;110.4
1741;55;Mei       1996;4760;112.4
1742;55;Juni      1996;4760;112.2
1743;55;Juli      1996;4760;112.2
1744;55;Augustus  1996;4760;112.2
1745;55;September 1996;4760;112.2
1746;55;Oktober   1996;4760;112.5
1747;55;November  1996;4760;112.5
1748;55;December  1996;4760;112.5
1749;55;Jaar  1996;0;111.7
1750;55;Januari   1997;4760;112.5
1751;55;Februari  1997;4760;112.5
1752;55;Maart     1997;4760;113.9
1753;55;April     1997;4760;113.9
1754;55;Mei       1997;4760;113.9
1755;55;Juni      1997;4760;113.9
1756;55;Juli      1997;4760;114.2
1757;55;Augustus  1997;4760;114.1
1758;55;September 1997;4760;114.1
1759;55;Oktober   1997;4760;114.2
1760;6;Januari   1991;890;100.0
1761;6;Februari  1991;890;100.0
1762;6;Maart     1991;890;100.1
1763;6;April     1991;890;100.3
1764;6;Mei       1991;890;100.3
1765;6;Juni      1991;890;100.4
1766;6;Juli      1991;890;100.1
1767;6;Augustus  1991;890;99.9
1768;6;September 1991;890;99.8
1769;6;Oktober   1991;890;100.1
1770;6;November  1991;890;100.1
1771;6;December  1991;890;100.3
1772;6;Jaar  1991;0;100.1
1773;6;Januari   1992;890;100.3
1774;6;Februari  1992;890;100.7
1775;6;Maart     1992;890;100.5
1776;6;April     1992;890;100.7
1777;6;Mei       1992;890;100.7
1778;6;Juni      1992;890;100.7
1779;6;Juli      1992;890;101.2
1780;6;Augustus  1992;890;101.5
1781;6;September 1992;890;101.6
1782;6;Oktober   1992;890;101.8
1783;6;November  1992;890;101.9
1784;6;December  1992;890;102.1
1785;6;Jaar  1992;0;101.1
1786;6;Januari   1993;890;102.1
1787;6;Februari  1993;890;102.3
1788;6;Maart     1993;890;102.3
1789;6;April     1993;890;102.3
1790;6;Mei       1993;890;101.9
1791;6;Juni      1993;890;102.1
1792;6;Juli      1993;890;102.2
1793;6;Augustus  1993;890;101.9
1794;6;September 1993;890;101.9
1795;6;Oktober   1993;890;101.6
1796;6;November  1993;890;101.7
1797;6;December  1993;890;101.8
1798;6;Jaar  1993;0;102.0
1799;6;Januari   1994;890;101.4
1800;6;Februari  1994;890;101.5
1801;6;Maart     1994;890;102.1
1802;6;April     1994;890;102.0
1803;6;Mei       1994;890;101.2
1804;6;Juni      1994;890;101.3
1805;6;Juli      1994;890;101.4
1806;6;Augustus  1994;890;101.2
1807;6;September 1994;890;101.9
1808;6;Oktober   1994;890;101.9
1809;6;November  1994;890;102.1
1810;6;December  1994;890;102.3
1811;6;Jaar  1994;0;101.7
1812;6;Januari   1995;890;102.1
1813;6;Februari  1995;890;102.1
1814;6;Maart     1995;890;102.7
1815;6;April     1995;890;103.0
1816;6;Mei       1995;890;103.3
1817;6;Juni      1995;890;103.1
1818;6;Juli      1995;890;103.0
1819;6;Augustus  1995;890;103.0
1820;6;September 1995;890;103.1
1821;6;Oktober   1995;890;103.3
1822;6;November  1995;890;103.6
1823;6;December  1995;890;103.6
1824;6;Jaar  1995;0;103.0
1825;6;Januari   1996;890;103.1
1826;6;Februari  1996;890;103.4
1827;6;Maart     1996;890;103.7
1828;6;April     1996;890;103.8
1829;6;Mei       1996;890;103.8
1830;6;Juni      1996;890;103.7
1831;6;Juli      1996;890;103.6
1832;6;Augustus  1996;890;103.6
1833;6;September 1996;890;103.8
1834;6;Oktober   1996;890;104.3
1835;6;November  1996;890;103.7
1836;6;December  1996;890;103.8
1837;6;Jaar  1996;0;103.7
1838;6;Januari   1997;890;103.6
1839;6;Februari  1997;890;103.7
1840;6;Maart     1997;890;104.3
1841;6;April     1997;890;104.3
1842;6;Mei       1997;890;103.8
1843;6;Juni      1997;890;103.8
1844;6;Juli      1997;890;104.4
1845;6;Augustus  1997;890;104.8
1846;6;September 1997;890;105.6
1847;6;Oktober   1997;890;105.5
